{
  "forge_marker": 1,
  "defaults": {
    "transform": "forge:default-item",
    "model": "ladder",
    "textures": {
      "texture": "tconstruct:blocks/stone_ladder",
      "particle": "#texture"
    }
  },
  "variants": {
    "facing=south": {
      "model": "tconstruct:stone_ladder"
    },
    "facing=west": {
      "model": "tconstruct:stone_ladder",
      "y": 90
    },
    "facing=north": {
      "model": "tconstruct:stone_ladder",
      "y": 180
    },
    "facing=east": {
      "model": "tconstruct:stone_ladder",
      "y": 270
    }
  }
}
